Scen_NR;I. Krammer-Volkerak Oost;II. Krammer-Volkerak Midden;III. Krammer-Volkerak Ingang Eendracht;IV. Krammer-Volkerak West ;V. Eendracht Noord;VI. Eendracht Zuid;VII. Zoommeer;VIII. Zoommeer Zuid;IX. Bathse Spuikanaal;X. Voorhaven Kramersluizen;Volkerak-Zoommeer
NR;dagen;dagen;dagen;dagen;dagen;dagen;dagen;dagen;dagen;dagen
1;59;86;97;113;87;78;68;70;67;180;86
2;57;85;96;110;86;76;67;68;66;180;85
3;59;86;97;113;87;78;68;70;67;180;86
4;57;85;96;110;86;76;67;68;66;180;85
5;83;97;112;124;118;120;121;125;121;182;113
6;82;96;110;121;115;118;119;124;120;182;110
7;83;97;112;124;118;120;121;125;121;182;113
8;82;96;110;121;115;118;119;124;120;182;110
9;58;85;97;112;86;77;68;70;67;180;85
10;56;84;95;108;85;76;67;68;66;180;85
11;58;85;97;112;86;77;68;70;67;180;85
12;56;84;95;108;85;76;67;68;66;180;85
13;83;97;111;123;118;120;121;126;121;182;112
14;81;95;109;121;115;118;119;124;120;182;109
15;83;97;111;123;118;120;121;126;121;182;112
16;81;95;109;121;115;118;119;124;120;182;109
17;59;85;97;112;85;76;65;67;64;179;85
18;57;84;95;108;84;75;64;66;64;179;84
19;59;85;97;112;85;76;65;67;64;179;85
20;57;84;95;108;84;75;64;66;64;179;84
21;83;97;111;122;115;118;118;122;118;180;110
22;81;95;108;120;113;116;116;121;117;180;108
23;83;97;111;122;115;118;118;122;118;180;110
24;81;95;108;120;113;116;116;121;117;180;108
25;59;86;97;112;86;76;66;68;65;179;85
26;58;85;95;109;84;75;65;66;64;179;84
27;59;86;97;112;86;76;66;68;65;179;85
28;58;85;95;109;84;75;65;66;64;179;84
29;83;97;111;122;116;118;118;123;118;180;111
30;82;95;109;120;114;116;116;121;117;180;108
31;83;97;111;122;116;118;118;123;118;180;111
32;82;95;109;120;114;116;116;121;117;180;108
33;61;86;97;113;86;76;66;68;65;179;86
34;58;85;96;110;85;75;65;67;64;179;85
35;61;86;97;113;86;76;66;68;65;179;86
36;58;85;96;110;85;75;65;67;64;179;85
37;84;97;111;122;116;118;118;123;118;180;111
38;82;96;109;121;114;116;117;121;117;180;109
39;84;97;111;122;116;118;118;123;118;180;111
40;82;96;109;121;114;116;117;121;117;180;109
41;61;86;98;113;87;77;67;69;66;179;86
42;59;85;97;111;85;76;66;67;64;179;85
43;61;86;98;113;87;77;67;69;66;179;86
44;59;85;97;111;85;76;66;67;64;179;85
45;84;98;112;124;117;119;119;123;119;180;112
46;82;96;110;121;115;117;117;121;118;180;109
47;84;98;112;124;117;119;119;123;119;180;112
48;82;96;110;121;115;117;117;121;118;180;109
49;61;87;98;113;87;77;67;69;66;179;86
50;59;85;97;112;86;76;66;68;65;179;85
51;61;87;98;113;87;77;67;69;66;179;86
52;59;85;97;112;86;76;66;68;65;179;85
53;84;99;112;125;117;119;119;124;119;182;112
54;82;97;110;121;115;117;118;122;118;182;110
55;84;99;112;125;117;119;119;124;119;182;112
56;82;97;110;121;115;117;118;122;118;182;110
57;61;87;98;113;87;77;68;69;66;179;86
58;59;85;97;112;86;76;66;68;65;179;85
59;61;87;98;113;87;77;68;69;66;179;86
60;59;85;97;112;86;76;66;68;65;179;85
61;84;99;112;125;117;119;120;124;119;182;113
62;83;97;110;122;115;118;118;122;118;182;110
63;84;99;112;125;117;119;120;124;119;182;113
64;83;97;110;122;115;118;118;122;118;182;110
65;61;87;98;113;87;78;68;69;67;180;86
66;59;85;97;112;86;76;66;68;65;180;85
67;61;87;98;113;87;78;68;69;67;180;86
68;59;85;97;112;86;76;66;68;65;180;85
69;84;99;112;125;118;120;120;124;120;182;113
70;83;97;110;121;115;118;118;123;119;182;110
71;84;99;112;125;118;120;120;124;120;182;113
72;83;97;110;121;115;118;118;123;119;182;110
73;60;87;98;113;87;78;68;70;67;180;86
74;58;85;97;111;86;76;67;68;65;180;85
75;60;87;98;113;87;78;68;70;67;180;86
76;58;85;97;111;86;76;67;68;65;180;85
77;84;98;112;125;118;120;120;125;120;182;113
78;82;97;110;121;115;118;118;123;119;182;110
79;84;98;112;125;118;120;120;125;120;182;113
80;82;97;110;121;115;118;118;123;119;182;110
81;59;86;98;113;87;78;68;70;67;180;86
82;58;85;96;111;86;76;67;68;65;180;85
83;59;86;98;113;87;78;68;70;67;180;86
84;58;85;96;111;86;76;67;68;65;180;85
85;84;98;112;125;118;120;120;125;120;182;113
86;82;96;110;121;115;118;119;123;119;182;110
87;84;98;112;125;118;120;120;125;120;182;113
88;82;96;110;121;115;118;119;123;119;182;110
89;57;71;83;98;76;69;62;65;62;181;73
90;56;70;81;97;74;68;61;63;60;181;72
91;57;71;83;98;76;69;62;65;62;181;73
92;56;70;81;97;74;68;61;63;60;181;72
93;66;81;95;109;102;108;111;117;113;182;97
94;65;80;94;107;100;105;109;115;110;182;96
95;66;81;95;109;102;108;111;117;113;182;97
96;65;80;94;107;100;105;109;115;110;182;96
97;56;70;82;97;75;69;62;65;62;181;73
98;55;69;80;96;73;67;60;63;60;181;72
99;56;70;82;97;75;69;62;65;62;181;73
100;55;69;80;96;73;67;60;63;60;181;72
101;65;80;95;108;101;108;111;118;113;182;97
102;64;79;93;107;100;104;109;116;111;182;95
103;65;80;95;108;101;108;111;118;113;182;97
104;64;79;93;107;100;104;109;116;111;182;95
105;57;71;83;98;75;68;60;63;59;179;73
106;56;70;81;96;73;66;58;61;58;179;72
107;57;71;83;98;75;68;60;63;59;179;73
108;56;70;81;96;73;66;58;61;58;179;72
109;66;81;95;108;101;105;109;115;110;180;96
110;65;80;93;107;99;103;106;111;108;180;95
111;66;81;95;108;101;105;109;115;110;180;96
112;65;80;93;107;99;103;106;111;108;180;95
113;58;71;83;98;75;68;61;63;60;179;73
114;56;70;82;97;74;67;59;61;58;179;72
115;58;71;83;98;75;68;61;63;60;179;73
116;56;70;82;97;74;67;59;61;58;179;72
117;66;82;95;109;101;105;109;115;110;182;96
118;65;80;94;107;99;103;107;111;108;182;95
119;66;82;95;109;101;105;109;115;110;182;96
120;65;80;94;107;99;103;107;111;108;182;95
121;58;71;84;98;76;69;61;64;60;179;73
122;57;70;82;97;74;67;59;62;59;179;73
123;58;71;84;98;76;69;61;64;60;179;73
124;57;70;82;97;74;67;59;62;59;179;73
125;67;82;95;109;101;105;109;116;110;182;97
126;66;80;94;108;100;104;107;112;108;182;95
127;67;82;95;109;101;105;109;116;110;182;97
128;66;80;94;108;100;104;107;112;108;182;95
129;58;71;84;98;76;69;62;64;61;179;74
130;57;70;83;98;75;68;60;62;59;179;73
131;58;71;84;98;76;69;62;64;61;179;74
132;57;70;83;98;75;68;60;62;59;179;73
133;67;82;96;111;102;107;110;116;111;182;97
134;66;81;95;108;100;104;108;113;109;182;96
135;67;82;96;111;102;107;110;116;111;182;97
136;66;81;95;108;100;104;108;113;109;182;96
137;58;71;84;98;76;69;62;65;61;180;74
138;57;70;83;98;75;68;60;63;59;180;73
139;58;71;84;98;76;69;62;65;61;180;74
140;57;70;83;98;75;68;60;63;59;180;73
141;67;82;96;111;102;108;110;116;111;182;98
142;66;81;95;108;100;104;108;114;109;182;96
143;67;82;96;111;102;108;110;116;111;182;98
144;66;81;95;108;100;104;108;114;109;182;96
145;58;72;84;98;77;70;62;65;62;180;74
146;57;71;83;98;75;68;61;63;60;180;73
147;58;72;84;98;77;70;62;65;62;180;74
148;57;71;83;98;75;68;61;63;60;180;73
149;67;83;96;111;102;108;111;117;112;182;98
150;66;81;95;108;100;104;108;115;110;182;96
151;67;83;96;111;102;108;111;117;112;182;98
152;66;81;95;108;100;104;108;115;110;182;96
153;58;71;84;98;77;70;62;65;62;180;74
154;57;70;83;98;75;68;61;63;60;180;73
155;58;71;84;98;77;70;62;65;62;180;74
156;57;70;83;98;75;68;61;63;60;180;73
157;67;83;96;111;102;108;111;117;112;182;98
158;66;81;95;108;100;105;109;115;110;182;96
159;67;83;96;111;102;108;111;117;112;182;98
160;66;81;95;108;100;105;109;115;110;182;96
161;58;71;84;98;77;70;63;65;62;181;74
162;57;70;83;98;75;68;61;63;60;181;73
163;58;71;84;98;77;70;63;65;62;181;74
164;57;70;83;98;75;68;61;63;60;181;73
165;67;82;96;111;102;108;111;117;112;182;98
166;66;81;95;108;100;105;109;115;110;182;96
167;67;82;96;111;102;108;111;117;112;182;98
168;66;81;95;108;100;105;109;115;110;182;96
169;57;71;84;98;76;69;62;65;62;181;74
170;56;70;82;97;75;68;61;63;60;181;73
171;57;71;84;98;76;69;62;65;62;181;74
172;56;70;82;97;75;68;61;63;60;181;73
173;66;82;96;111;102;108;111;117;112;182;97
174;65;80;94;108;100;105;109;115;110;182;96
175;66;82;96;111;102;108;111;117;112;182;97
176;65;80;94;108;100;105;109;115;110;182;96
177;32;63;74;92;70;65;59;62;59;181;68
178;25;62;73;91;69;63;57;60;57;181;66
179;32;63;74;92;70;65;59;62;59;181;68
180;25;62;73;91;69;63;57;60;57;181;66
181;59;73;87;101;96;101;107;113;109;182;91
182;58;72;86;101;95;100;104;110;107;182;89
183;59;73;87;101;96;101;107;113;109;182;91
184;58;72;86;101;95;100;104;110;107;182;89
185;25;63;73;91;69;64;58;61;59;181;67
186;20;62;72;90;68;63;57;60;57;181;66
187;25;63;73;91;69;64;58;61;59;181;67
188;20;62;72;90;68;63;57;60;57;181;66
189;59;72;86;101;95;101;107;113;109;182;91
190;58;71;85;100;94;99;104;110;108;182;88
191;59;72;86;101;95;101;107;113;109;182;91
192;58;71;85;100;94;99;104;110;108;182;88
193;45;64;75;92;69;64;57;60;57;179;67
194;34;63;73;91;68;62;55;58;55;179;66
195;45;64;75;92;69;64;57;60;57;179;67
196;34;63;73;91;68;62;55;58;55;179;66
197;59;73;87;101;95;100;104;109;107;180;90
198;58;72;85;100;94;98;102;107;105;180;87
199;59;73;87;101;95;100;104;109;107;180;90
200;58;72;85;100;94;98;102;107;105;180;87
201;45;64;75;92;70;64;57;60;57;179;68
202;43;63;74;91;69;62;56;58;55;179;67
203;45;64;75;92;70;64;57;60;57;179;68
204;43;63;74;91;69;62;56;58;55;179;67
205;60;74;88;101;96;100;104;110;107;182;91
206;59;72;86;100;94;98;102;108;105;182;88
207;60;74;88;101;96;100;104;110;107;182;91
208;59;72;86;100;94;98;102;108;105;182;88
209;48;65;76;92;70;65;58;61;58;179;69
210;44;64;74;92;69;63;56;59;56;179;67
211;48;65;76;92;70;65;58;61;58;179;69
212;44;64;74;92;69;63;56;59;56;179;67
213;60;74;88;104;96;100;105;110;108;182;91
214;59;73;86;101;94;99;102;108;105;182;88
215;60;74;88;104;96;100;105;110;108;182;91
216;59;73;86;101;94;99;102;108;105;182;88
217;49;65;76;93;70;65;58;61;58;179;69
218;45;64;74;92;69;63;57;59;56;179;67
219;49;65;76;93;70;65;58;61;58;179;69
220;45;64;74;92;69;63;57;59;56;179;67
221;60;74;89;104;96;101;105;111;108;182;91
222;59;73;86;101;95;99;103;109;106;182;89
223;60;74;89;104;96;101;105;111;108;182;91
224;59;73;86;101;95;99;103;109;106;182;89
225;50;65;76;93;71;65;59;61;59;180;69
226;45;64;74;92;69;64;57;60;57;180;68
227;50;65;76;93;71;65;59;61;59;180;69
228;45;64;74;92;69;64;57;60;57;180;68
229;60;74;89;104;96;101;106;111;108;182;92
230;59;73;86;101;95;99;103;109;107;182;90
231;60;74;89;104;96;101;106;111;108;182;92
232;59;73;86;101;95;99;103;109;107;182;90
233;50;65;76;93;71;65;59;62;59;180;69
234;45;64;75;92;70;64;57;60;57;180;68
235;50;65;76;93;71;65;59;62;59;180;69
236;45;64;75;92;70;64;57;60;57;180;68
237;60;74;90;104;96;101;106;111;109;182;92
238;59;73;87;101;95;100;103;109;107;182;90
239;60;74;90;104;96;101;106;111;109;182;92
240;59;73;87;101;95;100;103;109;107;182;90
241;48;65;76;93;71;65;59;62;59;180;69
242;44;64;74;92;69;64;57;60;57;180;67
243;48;65;76;93;71;65;59;62;59;180;69
244;44;64;74;92;69;64;57;60;57;180;67
245;60;74;89;104;96;101;107;111;109;182;92
246;59;73;87;101;95;100;104;109;107;182;90
247;60;74;89;104;96;101;107;111;109;182;92
248;59;73;87;101;95;100;104;109;107;182;90
249;45;64;75;93;70;65;59;62;59;181;69
250;43;63;74;92;69;64;57;60;57;181;67
251;45;64;75;93;70;65;59;62;59;181;69
252;43;63;74;92;69;64;57;60;57;181;67
253;60;74;89;104;96;101;107;113;109;182;92
254;59;73;87;101;95;100;104;110;107;182;90
255;60;74;89;104;96;101;107;113;109;182;92
256;59;73;87;101;95;100;104;110;107;182;90
257;44;64;75;92;70;65;59;62;59;181;69
258;30;63;74;91;69;63;57;60;57;181;67
259;44;64;75;92;70;65;59;62;59;181;69
260;30;63;74;91;69;63;57;60;57;181;67
261;60;73;88;102;96;101;107;113;109;182;91
262;59;72;86;101;95;100;104;110;107;182;89
263;60;73;88;102;96;101;107;113;109;182;91
264;59;72;86;101;95;100;104;110;107;182;89
265;44;62;72;87;67;61;55;57;54;180;65
266;42;62;72;86;66;60;53;56;53;179;65
267;44;62;72;87;67;61;55;57;54;180;65
268;42;62;72;86;66;60;53;56;53;179;65
269;58;71;84;99;92;96;100;105;104;182;86
270;57;71;83;98;90;95;98;103;102;182;85
271;58;71;84;99;92;96;100;105;104;182;86
272;57;71;83;98;90;95;98;103;102;182;85
273;43;62;72;86;66;61;54;57;54;180;65
274;41;61;71;85;65;59;53;55;52;180;64
275;43;62;72;86;66;61;54;57;54;180;65
276;41;61;71;85;65;59;53;55;52;180;64
277;58;71;83;98;91;96;100;105;104;182;85
278;56;70;82;98;89;95;98;103;102;182;84
279;58;71;83;98;91;96;100;105;104;182;85
280;56;70;82;98;89;95;98;103;102;182;84
281;45;63;73;87;67;60;53;56;53;179;65
282;43;62;72;86;65;59;52;54;51;179;64
283;45;63;73;87;67;60;53;56;53;179;65
284;43;62;72;86;65;59;52;54;51;179;64
285;59;72;84;99;92;96;98;103;101;180;86
286;58;71;83;98;90;94;96;101;99;180;85
287;59;72;84;99;92;96;98;103;101;180;86
288;58;71;83;98;90;94;96;101;99;180;85
289;45;63;73;87;67;61;54;56;53;179;66
290;44;62;72;86;66;59;52;54;51;179;65
291;45;63;73;87;67;61;54;56;53;179;66
292;44;62;72;86;66;59;52;54;51;179;65
293;59;72;85;99;92;96;99;103;102;180;86
294;58;71;84;98;90;94;97;102;100;180;85
295;59;72;85;99;92;96;99;103;102;180;86
296;58;71;84;98;90;94;97;102;100;180;85
297;46;64;74;89;68;61;54;57;53;179;66
298;45;63;73;87;66;60;52;55;52;179;65
299;46;64;74;89;68;61;54;57;53;179;66
300;45;63;73;87;66;60;52;55;52;179;65
301;59;72;85;100;92;96;99;104;102;180;86
302;58;71;84;99;90;95;97;102;100;180;85
303;59;72;85;100;92;96;99;104;102;180;86
304;58;71;84;99;90;95;97;102;100;180;85
305;49;64;74;90;68;61;54;57;54;179;67
306;45;63;73;87;67;60;53;55;52;179;65
307;49;64;74;90;68;61;54;57;54;179;67
308;45;63;73;87;67;60;53;55;52;179;65
309;59;72;85;100;92;96;100;104;103;180;86
310;58;72;84;99;90;95;98;102;101;180;85
311;59;72;85;100;92;96;100;104;103;180;86
312;58;72;84;99;90;95;98;102;101;180;85
313;49;64;74;90;68;62;55;57;54;179;67
314;45;63;73;87;67;60;53;56;53;179;65
315;49;64;74;90;68;62;55;57;54;179;67
316;45;63;73;87;67;60;53;56;53;179;65
317;59;72;85;100;93;97;100;104;103;180;86
318;58;71;84;99;91;95;98;103;101;180;85
319;59;72;85;100;93;97;100;104;103;180;86
320;58;71;84;99;91;95;98;103;101;180;85
321;49;64;74;91;68;62;55;58;55;179;67
322;45;63;73;87;67;60;53;56;53;179;65
323;49;64;74;91;68;62;55;58;55;179;67
324;45;63;73;87;67;60;53;56;53;179;65
325;59;73;85;100;93;97;100;105;103;181;87
326;58;72;84;99;91;95;98;103;101;181;85
327;59;73;85;100;93;97;100;105;103;181;87
328;58;72;84;99;91;95;98;103;101;181;85
329;46;64;74;90;68;62;55;58;55;179;66
330;45;63;73;87;67;60;53;56;53;179;65
331;46;64;74;90;68;62;55;58;55;179;66
332;45;63;73;87;67;60;53;56;53;179;65
333;59;72;85;100;93;97;100;105;103;181;87
334;58;71;84;99;91;95;98;103;101;181;85
335;59;72;85;100;93;97;100;105;103;181;87
336;58;71;84;99;91;95;98;103;101;181;85
337;45;63;73;90;68;62;55;58;55;179;66
338;44;62;72;87;66;60;53;56;53;179;65
339;45;63;73;90;68;62;55;58;55;179;66
340;44;62;72;87;66;60;53;56;53;179;65
341;59;72;85;100;93;97;100;105;103;181;86
342;58;71;84;99;91;95;98;103;101;181;85
343;59;72;85;100;93;97;100;105;103;181;86
344;58;71;84;99;91;95;98;103;101;181;85
345;45;63;73;87;67;61;55;57;54;180;66
346;43;62;72;86;66;60;53;56;53;180;65
347;45;63;73;87;67;61;55;57;54;180;66
348;43;62;72;86;66;60;53;56;53;180;65
349;59;72;84;99;92;97;100;105;104;182;86
350;58;71;83;98;90;95;98;103;101;182;85
351;59;72;84;99;92;97;100;105;104;182;86
352;58;71;83;98;90;95;98;103;101;182;85
353;0;5;66;91;65;62;57;60;59;179;51
354;0;2;62;89;63;60;55;58;56;179;49
355;0;5;66;91;65;62;57;60;59;179;51
356;0;2;62;89;63;60;55;58;56;179;49
357;0;49;85;105;94;100;104;109;107;181;88
358;0;48;84;101;92;98;102;107;106;181;86
359;0;49;85;105;94;100;104;109;107;181;88
360;0;48;84;101;92;98;102;107;106;181;86
361;0;3;63;91;64;61;56;59;58;179;49
362;0;0;57;87;61;58;55;58;56;179;48
363;0;3;63;91;64;61;56;59;58;179;49
364;0;0;57;87;61;58;55;58;56;179;48
365;0;48;85;104;93;100;104;109;107;180;87
366;0;48;83;101;92;97;102;107;106;180;86
367;0;48;85;104;93;100;104;109;107;180;87
368;0;48;83;101;92;97;102;107;106;180;86
369;0;16;69;91;66;62;56;59;58;178;52
370;0;11;64;89;64;60;54;57;55;178;50
371;0;16;69;91;66;62;56;59;58;178;52
372;0;11;64;89;64;60;54;57;55;178;50
373;0;51;85;105;94;99;102;107;105;179;87
374;0;50;84;103;92;97;100;105;103;179;86
375;0;51;85;105;94;99;102;107;105;179;87
376;0;50;84;103;92;97;100;105;103;179;86
377;0;19;69;92;66;63;57;59;58;179;52
378;0;15;67;91;65;61;55;58;56;179;51
379;0;19;69;92;66;63;57;59;58;179;52
380;0;15;67;91;65;61;55;58;56;179;51
381;0;53;86;105;94;100;102;107;106;179;87
382;0;50;85;103;92;97;101;105;104;179;86
383;0;53;86;105;94;100;102;107;106;179;87
384;0;50;85;103;92;97;101;105;104;179;86
385;0;20;70;92;67;63;57;60;58;179;54
386;0;19;69;91;65;62;55;58;56;179;52
387;0;20;70;92;67;63;57;60;58;179;54
388;0;19;69;91;65;62;55;58;56;179;52
389;0;55;86;105;94;100;103;108;106;179;88
390;0;51;85;104;93;97;101;106;104;179;86
391;0;55;86;105;94;100;103;108;106;179;88
392;0;51;85;104;93;97;101;106;104;179;86
393;0;20;70;92;67;64;58;60;59;179;56
394;0;19;69;91;66;62;56;59;56;179;52
395;0;20;70;92;67;64;58;60;59;179;56
396;0;19;69;91;66;62;56;59;56;179;52
397;0;56;86;105;95;100;103;108;106;179;88
398;0;53;85;105;93;98;101;106;105;179;87
399;0;56;86;105;95;100;103;108;106;179;88
400;0;53;85;105;93;98;101;106;105;179;87
401;0;20;70;92;67;64;58;60;59;179;56
402;0;19;69;91;66;62;56;59;57;179;52
403;0;20;70;92;67;64;58;60;59;179;56
404;0;19;69;91;66;62;56;59;57;179;52
405;0;56;86;105;95;100;104;108;107;180;89
406;0;54;85;105;93;99;102;107;105;180;87
407;0;56;86;105;95;100;104;108;107;180;89
408;0;54;85;105;93;99;102;107;105;180;87
409;0;20;70;93;67;64;58;61;59;179;56
410;0;18;69;92;66;62;56;59;57;179;52
411;0;20;70;93;67;64;58;61;59;179;56
412;0;18;69;92;66;62;56;59;57;179;52
413;0;56;87;105;95;101;104;108;107;180;90
414;0;53;85;105;94;99;102;107;105;180;87
415;0;56;87;105;95;101;104;108;107;180;90
416;0;53;85;105;94;99;102;107;105;180;87
417;0;19;70;92;67;64;58;60;59;179;54
418;0;14;68;91;65;62;56;59;57;179;52
419;0;19;70;92;67;64;58;60;59;179;54
420;0;14;68;91;65;62;56;59;57;179;52
421;0;54;86;105;95;101;104;109;107;180;89
422;0;51;85;105;93;99;102;107;105;180;87
423;0;54;86;105;95;101;104;109;107;180;89
424;0;51;85;105;93;99;102;107;105;180;87
425;0;14;69;92;67;63;58;60;59;179;53
426;0;8;66;91;65;61;56;59;57;179;51
427;0;14;69;92;67;63;58;60;59;179;53
428;0;8;66;91;65;61;56;59;57;179;51
429;0;52;86;105;95;101;104;109;107;181;89
430;0;50;85;104;93;99;102;107;105;181;87
431;0;52;86;105;95;101;104;109;107;181;89
432;0;50;85;104;93;99;102;107;105;181;87
433;0;7;69;92;66;63;57;60;59;179;52
434;0;5;64;91;64;61;56;59;57;179;50
435;0;7;69;92;66;63;57;60;59;179;52
436;0;5;64;91;64;61;56;59;57;179;50
437;0;50;86;105;94;100;104;109;107;180;88
438;0;49;85;102;93;99;102;107;105;180;87
439;0;50;86;105;94;100;104;109;107;180;88
440;0;49;85;102;93;99;102;107;105;180;87
441;0;0;56;73;55;52;48;51;49;179;48
442;0;0;56;73;53;50;46;49;47;179;45
443;0;0;56;73;55;52;48;51;49;179;48
444;0;0;56;73;53;50;46;49;47;179;45
445;0;52;70;89;78;86;92;97;96;181;73
446;0;52;69;87;77;84;90;96;94;181;72
447;0;52;70;89;78;86;92;97;96;181;73
448;0;52;69;87;77;84;90;96;94;181;72
449;0;0;56;73;54;51;47;50;49;179;45
450;0;0;55;73;52;49;45;48;47;179;44
451;0;0;56;73;54;51;47;50;49;179;45
452;0;0;55;73;52;49;45;48;47;179;44
453;0;49;69;87;78;85;92;97;96;182;72
454;0;47;68;86;76;83;90;95;94;182;71
455;0;49;69;87;78;85;92;97;96;182;72
456;0;47;68;86;76;83;90;95;94;182;71
457;0;0;57;76;55;52;47;50;49;179;49
458;0;0;57;74;54;50;46;48;47;179;46
459;0;0;57;76;55;52;47;50;49;179;49
460;0;0;57;74;54;50;46;48;47;179;46
461;0;54;70;91;79;85;91;96;95;180;73
462;0;53;70;87;77;83;89;94;93;180;72
463;0;54;70;91;79;85;91;96;95;180;73
464;0;53;70;87;77;83;89;94;93;180;72
465;0;0;58;76;56;52;48;51;49;179;50
466;0;0;57;74;54;50;46;49;47;179;48
467;0;0;58;76;56;52;48;51;49;179;50
468;0;0;57;74;54;50;46;49;47;179;48
469;0;54;71;91;79;86;91;96;95;180;73
470;0;53;70;88;78;84;89;94;93;180;72
471;0;54;71;91;79;86;91;96;95;180;73
472;0;53;70;88;78;84;89;94;93;180;72
473;0;0;59;77;56;53;48;51;50;179;51
474;0;0;58;74;55;51;47;49;48;179;49
475;0;0;59;77;56;53;48;51;50;179;51
476;0;0;58;74;55;51;47;49;48;179;49
477;0;55;71;91;79;86;91;96;95;180;73
478;0;54;70;88;78;84;89;95;93;180;72
479;0;55;71;91;79;86;91;96;95;180;73
480;0;54;70;88;78;84;89;95;93;180;72
481;0;0;59;77;57;53;49;52;50;179;51
482;0;0;58;74;55;51;47;50;48;179;49
483;0;0;59;77;57;53;49;52;50;179;51
484;0;0;58;74;55;51;47;50;48;179;49
485;0;55;71;91;79;86;92;97;96;180;73
486;0;54;70;88;78;84;90;95;94;180;73
487;0;55;71;91;79;86;92;97;96;180;73
488;0;54;70;88;78;84;90;95;94;180;73
489;0;0;60;76;57;53;49;52;50;179;51
490;0;0;58;74;55;51;47;50;48;179;49
491;0;0;60;76;57;53;49;52;50;179;51
492;0;0;58;74;55;51;47;50;48;179;49
493;0;55;71;91;79;86;92;97;96;180;73
494;0;54;70;88;78;84;90;95;94;180;73
495;0;55;71;91;79;86;92;97;96;180;73
496;0;54;70;88;78;84;90;95;94;180;73
497;0;0;59;77;57;53;49;52;50;179;51
498;0;0;58;74;55;51;47;50;48;179;49
499;0;0;59;77;57;53;49;52;50;179;51
500;0;0;58;74;55;51;47;50;48;179;49
501;0;55;71;92;80;86;92;97;96;181;74
502;0;54;70;91;78;85;90;96;94;181;73
503;0;55;71;92;80;86;92;97;96;181;74
504;0;54;70;91;78;85;90;96;94;181;73
505;0;0;59;76;56;53;49;52;50;179;51
506;0;0;57;74;55;51;47;50;48;179;49
507;0;0;59;76;56;53;49;52;50;179;51
508;0;0;57;74;55;51;47;50;48;179;49
509;0;55;71;91;80;86;92;97;96;181;73
510;0;54;70;90;78;85;90;96;94;181;72
511;0;55;71;91;80;86;92;97;96;181;73
512;0;54;70;90;78;85;90;96;94;181;72
513;0;0;58;75;56;53;49;52;50;179;50
514;0;0;57;74;54;51;47;50;48;179;49
515;0;0;58;75;56;53;49;52;50;179;50
516;0;0;57;74;54;51;47;50;48;179;49
517;0;54;70;91;79;86;92;98;96;181;73
518;0;53;70;90;78;84;90;96;94;181;72
519;0;54;70;91;79;86;92;98;96;181;73
520;0;53;70;90;78;84;90;96;94;181;72
521;0;0;57;74;55;52;48;51;50;179;49
522;0;0;56;73;54;50;47;49;48;179;46
523;0;0;57;74;55;52;48;51;50;179;49
524;0;0;56;73;54;50;47;49;48;179;46
525;0;53;70;91;79;86;92;97;96;181;73
526;0;52;69;87;78;84;90;96;94;181;72
527;0;53;70;91;79;86;92;97;96;181;73
528;0;52;69;87;78;84;90;96;94;181;72
529;0;0;41;70;47;45;42;45;44;179;23
530;0;0;33;70;45;44;41;44;43;179;19
531;0;0;41;70;47;45;42;45;44;179;23
532;0;0;33;70;45;44;41;44;43;179;19
533;0;0;62;79;71;79;86;92;91;181;66
534;0;0;61;78;70;77;84;90;89;181;65
535;0;0;62;79;71;79;86;92;91;181;66
536;0;0;61;78;70;77;84;90;89;181;65
537;0;0;27;70;45;44;42;44;44;179;19
538;0;0;22;69;43;43;40;43;42;179;14
539;0;0;27;70;45;44;42;44;44;179;19
540;0;0;22;69;43;43;40;43;42;179;14
541;0;0;61;78;70;78;86;92;91;182;65
542;0;0;60;77;69;77;84;89;89;182;64
543;0;0;61;78;70;78;86;92;91;182;65
544;0;0;60;77;69;77;84;89;89;182;64
545;0;0;49;71;48;46;42;45;44;179;29
546;0;0;46;70;47;44;41;43;42;179;23
547;0;0;49;71;48;46;42;45;44;179;29
548;0;0;46;70;47;44;41;43;42;179;23
549;0;0;63;84;72;79;85;91;90;180;66
550;0;0;62;79;70;77;83;89;88;180;65
551;0;0;63;84;72;79;85;91;90;180;66
552;0;0;62;79;70;77;83;89;88;180;65
553;0;0;49;71;49;46;43;45;45;179;32
554;0;0;48;71;47;45;41;44;43;179;25
555;0;0;49;71;49;46;43;45;45;179;32
556;0;0;48;71;47;45;41;44;43;179;25
557;0;3;63;84;72;79;85;91;90;180;67
558;0;0;63;82;71;78;83;89;88;180;65
559;0;3;63;84;72;79;85;91;90;180;67
560;0;0;63;82;71;78;83;89;88;180;65
561;0;0;51;72;49;47;43;46;45;179;37
562;0;0;49;71;48;45;42;44;43;179;29
563;0;0;51;72;49;47;43;46;45;179;37
564;0;0;49;71;48;45;42;44;43;179;29
565;0;4;64;85;72;79;86;91;90;180;67
566;0;1;63;84;71;78;84;89;88;180;66
567;0;4;64;85;72;79;86;91;90;180;67
568;0;1;63;84;71;78;84;89;88;180;66
569;0;0;51;72;50;47;44;46;45;179;38
570;0;0;50;71;48;46;42;45;43;179;30
571;0;0;51;72;50;47;44;46;45;179;38
572;0;0;50;71;48;46;42;45;43;179;30
573;0;4;64;85;72;79;86;92;91;180;68
574;0;3;63;84;71;78;84;90;89;180;66
575;0;4;64;85;72;79;86;92;91;180;68
576;0;3;63;84;71;78;84;90;89;180;66
577;0;0;51;72;50;47;44;46;46;179;39
578;0;0;50;71;48;46;42;45;44;179;30
579;0;0;51;72;50;47;44;46;46;179;39
580;0;0;50;71;48;46;42;45;44;179;30
581;0;4;64;85;72;79;86;92;91;180;68
582;0;3;63;82;71;78;84;90;89;180;66
583;0;4;64;85;72;79;86;92;91;180;68
584;0;3;63;82;71;78;84;90;89;180;66
585;0;0;51;71;50;48;44;47;46;179;38
586;0;0;50;71;48;46;42;45;44;179;29
587;0;0;51;71;50;48;44;47;46;179;38
588;0;0;50;71;48;46;42;45;44;179;29
589;0;3;64;85;72;80;87;92;91;181;68
590;0;0;63;84;71;78;85;90;89;181;66
591;0;3;64;85;72;80;87;92;91;181;68
592;0;0;63;84;71;78;85;90;89;181;66
593;0;0;50;71;49;47;44;46;45;179;34
594;0;0;49;71;48;46;42;45;44;179;27
595;0;0;50;71;49;47;44;46;45;179;34
596;0;0;49;71;48;46;42;45;44;179;27
597;0;0;64;85;72;80;87;92;91;181;67
598;0;0;63;82;71;78;85;90;89;181;66
599;0;0;64;85;72;80;87;92;91;181;67
600;0;0;63;82;71;78;85;90;89;181;66
601;0;0;49;71;49;47;43;46;45;179;29
602;0;0;48;70;47;45;42;44;43;179;24
603;0;0;49;71;49;47;43;46;45;179;29
604;0;0;48;70;47;45;42;44;43;179;24
605;0;0;63;84;72;79;86;92;91;181;67
606;0;0;62;80;71;78;84;90;89;181;65
607;0;0;63;84;72;79;86;92;91;181;67
608;0;0;62;80;71;78;84;90;89;181;65
609;0;0;45;71;48;46;43;46;45;179;24
610;0;0;43;70;46;44;41;44;43;179;21
611;0;0;45;71;48;46;43;46;45;179;24
612;0;0;43;70;46;44;41;44;43;179;21
613;0;0;63;84;71;79;86;92;91;181;66
614;0;0;62;79;70;78;84;90;89;181;65
615;0;0;63;84;71;79;86;92;91;181;66
616;0;0;62;79;70;78;84;90;89;181;65
617;0;0;44;70;45;43;40;43;42;179;30
618;0;0;43;69;44;42;38;41;40;179;29
619;0;0;44;70;45;43;40;43;42;179;30
620;0;0;43;69;44;42;38;41;40;179;29
621;0;14;62;77;69;76;82;87;86;181;65
622;0;13;60;77;69;75;80;85;85;181;63
623;0;14;62;77;69;76;82;87;86;181;65
624;0;13;60;77;69;75;80;85;85;181;63
625;0;0;43;69;44;42;39;42;41;179;29
626;0;0;42;66;43;41;37;40;39;179;24
627;0;0;43;69;44;42;39;42;41;179;29
628;0;0;42;66;43;41;37;40;39;179;24
629;0;13;60;77;69;75;81;87;86;180;64
630;0;11;59;74;68;74;80;85;84;181;63
631;0;13;60;77;69;75;81;87;86;180;64
632;0;11;59;74;68;74;80;85;84;181;63
633;0;0;48;70;47;44;40;43;42;178;36
634;0;0;47;70;45;43;38;41;40;178;30
635;0;0;48;70;47;44;40;43;42;178;36
636;0;0;47;70;45;43;38;41;40;178;30
637;0;21;62;79;70;76;81;87;86;179;65
638;0;18;62;78;69;75;79;85;84;179;64
639;0;21;62;79;70;76;81;87;86;179;65
640;0;18;62;78;69;75;79;85;84;179;64
641;0;0;49;71;47;45;41;43;42;178;37
642;0;0;48;70;46;43;39;41;40;178;31
643;0;0;49;71;47;45;41;43;42;178;37
644;0;0;48;70;46;43;39;41;40;178;31
645;0;27;63;79;70;76;81;87;86;179;65
646;0;21;62;78;69;75;80;85;84;179;64
647;0;27;63;79;70;76;81;87;86;179;65
648;0;21;62;78;69;75;80;85;84;179;64
649;0;0;50;71;48;45;41;44;43;178;38
650;0;0;49;70;47;44;39;42;41;178;35
651;0;0;50;71;48;45;41;44;43;178;38
652;0;0;49;70;47;44;39;42;41;178;35
653;0;34;63;79;71;77;82;87;86;179;65
654;0;26;63;78;70;75;80;85;84;179;65
655;0;34;63;79;71;77;82;87;86;179;65
656;0;26;63;78;70;75;80;85;84;179;65
657;0;0;50;71;49;46;41;44;43;179;38
658;0;0;49;70;47;44;40;42;41;179;37
659;0;0;50;71;49;46;41;44;43;179;38
660;0;0;49;70;47;44;40;42;41;179;37
661;0;36;63;79;71;77;82;88;87;179;66
662;0;26;63;78;70;76;80;86;85;179;65
663;0;36;63;79;71;77;82;88;87;179;66
664;0;26;63;78;70;76;80;86;85;179;65
665;0;0;51;71;49;46;41;44;43;179;38
666;0;0;49;70;47;44;40;42;41;179;37
667;0;0;51;71;49;46;41;44;43;179;38
668;0;0;49;70;47;44;40;42;41;179;37
669;0;36;63;79;71;77;82;88;87;179;66
670;0;26;63;78;70;76;81;86;85;179;65
671;0;36;63;79;71;77;82;88;87;179;66
672;0;26;63;78;70;76;81;86;85;179;65
673;0;0;50;71;49;46;41;44;43;179;38
674;0;0;49;70;47;44;40;42;41;179;36
675;0;0;50;71;49;46;41;44;43;179;38
676;0;0;49;70;47;44;40;42;41;179;36
677;0;35;63;79;71;77;82;88;87;180;66
678;0;24;63;78;70;76;81;86;85;180;65
679;0;35;63;79;71;77;82;88;87;180;66
680;0;24;63;78;70;76;81;86;85;180;65
681;0;0;49;71;48;45;41;44;43;179;38
682;0;0;48;70;47;44;40;42;41;179;33
683;0;0;49;71;48;45;41;44;43;179;38
684;0;0;48;70;47;44;40;42;41;179;33
685;0;27;63;79;71;77;82;88;87;180;65
686;0;21;62;78;70;76;81;86;85;180;65
687;0;27;63;79;71;77;82;88;87;180;65
688;0;21;62;78;70;76;81;86;85;180;65
689;0;0;49;70;47;45;41;44;43;179;37
690;0;0;48;70;46;43;39;42;41;179;31
691;0;0;49;70;47;45;41;44;43;179;37
692;0;0;48;70;46;43;39;42;41;179;31
693;0;21;63;79;70;77;82;88;87;181;65
694;0;17;62;77;69;75;80;86;85;181;64
695;0;21;63;79;70;77;82;88;87;181;65
696;0;17;62;77;69;75;80;86;85;181;64
697;0;0;47;70;46;44;40;43;42;179;31
698;0;0;44;70;45;42;39;42;40;179;29
699;0;0;47;70;46;44;40;43;42;179;31
700;0;0;44;70;45;42;39;42;40;179;29
701;0;16;62;78;70;76;82;88;87;180;65
702;0;14;61;77;69;75;80;86;85;180;64
703;0;16;62;78;70;76;82;88;87;180;65
704;0;14;61;77;69;75;80;86;85;180;64
705;0;1;56;86;58;54;49;52;51;178;44
706;0;0;53;85;56;52;47;50;49;178;43
707;0;1;56;86;58;54;49;52;51;178;44
708;0;0;53;85;56;52;47;50;49;178;43
709;0;44;79;99;87;90;90;95;93;179;80
710;0;42;78;98;86;89;89;93;91;179;79
711;0;44;79;99;87;90;90;95;93;179;80
712;0;42;78;98;86;89;89;93;91;179;79
713;0;0;52;85;56;53;48;51;50;179;43
714;0;0;50;85;54;51;47;49;48;179;42
715;0;0;52;85;56;53;48;51;50;179;43
716;0;0;50;85;54;51;47;49;48;179;42
717;0;42;78;98;87;90;90;94;92;179;79
718;0;36;74;97;85;88;89;93;91;179;78
719;0;42;78;98;87;90;90;94;92;179;79
720;0;36;74;97;85;88;89;93;91;179;78
721;0;11;62;87;61;55;50;52;51;178;48
722;0;6;57;86;58;53;48;50;49;178;44
723;0;11;62;87;61;55;50;52;51;178;48
724;0;6;57;86;58;53;48;50;49;178;44
725;0;48;83;100;88;91;90;94;92;178;82
726;0;45;79;99;86;89;89;93;91;178;79
727;0;48;83;100;88;91;90;94;92;178;82
728;0;45;79;99;86;89;89;93;91;178;79
729;0;12;64;87;62;56;50;53;52;178;48
730;0;9;59;86;59;54;48;51;49;178;45
731;0;12;64;87;62;56;50;53;52;178;48
732;0;9;59;86;59;54;48;51;49;178;45
733;0;48;84;100;89;91;90;95;93;178;83
734;0;47;80;99;87;89;89;93;91;178;80
735;0;48;84;100;89;91;90;95;93;178;83
736;0;47;80;99;87;89;89;93;91;178;80
737;0;15;67;88;63;57;51;53;52;178;49
738;0;11;62;86;60;54;49;51;50;178;46
739;0;15;67;88;63;57;51;53;52;178;49
740;0;11;62;86;60;54;49;51;50;178;46
741;0;49;84;100;89;91;91;95;93;178;83
742;0;48;81;99;87;89;89;93;91;178;80
743;0;49;84;100;89;91;91;95;93;178;83
744;0;48;81;99;87;89;89;93;91;178;80
745;0;16;67;88;63;57;51;53;52;178;49
746;0;11;62;86;61;55;49;51;50;178;48
747;0;16;67;88;63;57;51;53;52;178;49
748;0;11;62;86;61;55;49;51;50;178;48
749;0;49;84;100;89;91;91;95;93;178;83
750;0;48;82;99;87;89;89;94;92;178;80
751;0;49;84;100;89;91;91;95;93;178;83
752;0;48;82;99;87;89;89;94;92;178;80
753;0;16;67;88;63;57;51;53;52;178;49
754;0;11;62;86;61;55;49;52;50;178;48
755;0;16;67;88;63;57;51;53;52;178;49
756;0;11;62;86;61;55;49;52;50;178;48
757;0;49;84;100;89;91;91;95;93;178;83
758;0;48;81;100;87;90;90;94;92;178;80
759;0;49;84;100;89;91;91;95;93;178;83
760;0;48;81;100;87;90;90;94;92;178;80
761;0;14;66;90;63;57;51;53;52;178;49
762;0;10;62;87;60;55;49;52;50;178;48
763;0;14;66;90;63;57;51;53;52;178;49
764;0;10;62;87;60;55;49;52;50;178;48
765;0;49;84;100;89;91;91;95;93;179;83
766;0;48;82;100;87;90;90;94;92;179;81
767;0;49;84;100;89;91;91;95;93;179;83
768;0;48;82;100;87;90;90;94;92;179;81
769;0;11;64;88;62;56;51;53;52;178;49
770;0;6;60;86;60;54;49;51;50;178;46
771;0;11;64;88;62;56;51;53;52;178;49
772;0;6;60;86;60;54;49;51;50;178;46
773;0;49;84;100;89;91;91;95;93;179;83
774;0;48;80;99;87;90;90;94;92;179;80
775;0;49;84;100;89;91;91;95;93;179;83
776;0;48;80;99;87;90;90;94;92;179;80
777;0;6;62;87;61;56;50;53;52;178;48
778;0;3;57;86;58;54;49;51;50;178;45
779;0;6;62;87;61;56;50;53;52;178;48
780;0;3;57;86;58;54;49;51;50;178;45
781;0;48;83;100;89;91;91;95;93;179;83
782;0;45;79;99;87;89;89;94;92;179;80
783;0;48;83;100;89;91;91;95;93;179;83
784;0;45;79;99;87;89;89;94;92;179;80
785;0;3;57;87;60;55;50;52;51;178;45
786;0;1;56;86;57;53;48;51;49;178;44
787;0;3;57;87;60;55;50;52;51;178;45
788;0;1;56;86;57;53;48;51;49;178;44
789;0;45;82;99;88;91;91;95;93;179;82
790;0;43;79;98;86;89;89;94;92;179;79
791;0;45;82;99;88;91;91;95;93;179;82
792;0;43;79;98;86;89;89;94;92;179;79
793;0;0;54;72;51;47;42;44;43;178;42
794;0;0;53;72;49;46;40;43;41;178;42
795;0;0;54;72;51;47;42;44;43;178;42
796;0;0;53;72;49;46;40;43;41;178;42
797;0;41;67;85;74;79;82;87;85;179;69
798;0;29;65;85;72;78;80;85;84;179;67
799;0;41;67;85;74;79;82;87;85;179;69
800;0;29;65;85;72;78;80;85;84;179;67
801;0;0;53;72;50;46;41;44;43;179;42
802;0;0;52;71;48;45;39;42;41;179;38
803;0;0;53;72;50;46;41;44;43;179;42
804;0;0;52;71;48;45;39;42;41;179;38
805;0;26;66;85;73;78;81;86;85;179;68
806;0;20;65;83;72;77;80;85;83;179;66
807;0;26;66;85;73;78;81;86;85;179;68
808;0;20;65;83;72;77;80;85;83;179;66
809;0;0;56;73;52;48;43;45;44;178;44
810;0;0;55;73;50;47;41;43;42;178;42
811;0;0;56;73;52;48;43;45;44;178;44
812;0;0;55;73;50;47;41;43;42;178;42
813;0;52;69;86;75;79;82;86;85;178;70
814;0;50;67;85;73;78;80;85;83;178;68
815;0;52;69;86;75;79;82;86;85;178;70
816;0;50;67;85;73;78;80;85;83;178;68
817;0;0;56;73;53;49;43;45;44;178;44
818;0;0;56;73;51;47;41;43;42;178;43
819;0;0;56;73;53;49;43;45;44;178;44
820;0;0;56;73;51;47;41;43;42;178;43
821;0;52;69;86;75;79;82;87;85;178;70
822;0;51;68;85;74;78;80;85;84;178;69
823;0;52;69;86;75;79;82;87;85;178;70
824;0;51;68;85;74;78;80;85;84;178;69
825;0;0;57;74;53;49;43;46;44;178;45
826;0;0;56;73;51;47;41;44;42;178;44
827;0;0;57;74;53;49;43;46;44;178;45
828;0;0;56;73;51;47;41;44;42;178;44
829;0;53;69;86;75;80;82;87;85;178;70
830;0;52;69;85;74;78;81;85;84;178;69
831;0;53;69;86;75;80;82;87;85;178;70
832;0;52;69;85;74;78;81;85;84;178;69
833;0;0;57;74;54;49;44;46;45;178;45
834;0;0;56;73;52;48;42;44;43;178;44
835;0;0;57;74;54;49;44;46;45;178;45
836;0;0;56;73;52;48;42;44;43;178;44
837;0;53;69;86;76;80;83;87;86;178;70
838;0;52;69;85;74;78;81;86;84;178;69
839;0;53;69;86;76;80;83;87;86;178;70
840;0;52;69;85;74;78;81;86;84;178;69
841;0;0;57;74;54;49;44;46;45;178;45
842;0;0;56;73;52;48;42;44;43;178;44
843;0;0;57;74;54;49;44;46;45;178;45
844;0;0;56;73;52;48;42;44;43;178;44
845;0;53;69;86;75;80;83;87;86;179;70
846;0;52;69;85;74;79;81;86;84;179;69
847;0;53;69;86;75;80;83;87;86;179;70
848;0;52;69;85;74;79;81;86;84;179;69
849;0;0;57;74;54;49;44;46;45;178;45
850;0;0;56;73;52;48;42;44;43;178;44
851;0;0;57;74;54;49;44;46;45;178;45
852;0;0;56;73;52;48;42;44;43;178;44
853;0;53;69;86;76;80;83;87;86;179;70
854;0;52;68;86;74;79;81;86;84;179;69
855;0;53;69;86;76;80;83;87;86;179;70
856;0;52;68;86;74;79;81;86;84;179;69
857;0;0;57;73;53;49;43;46;45;178;45
858;0;0;56;73;51;47;42;44;43;178;44
859;0;0;57;73;53;49;43;46;45;178;45
860;0;0;56;73;51;47;42;44;43;178;44
861;0;52;69;86;75;80;83;87;86;179;70
862;0;51;68;85;74;78;81;86;84;179;69
863;0;52;69;86;75;80;83;87;86;179;70
864;0;51;68;85;74;78;81;86;84;179;69
865;0;0;56;73;52;49;43;45;44;178;44
866;0;0;55;73;51;47;41;44;42;178;43
867;0;0;56;73;52;49;43;45;44;178;44
868;0;0;55;73;51;47;41;44;42;178;43
869;0;51;69;86;75;80;82;87;86;179;70
870;0;48;67;85;73;78;81;86;84;179;68
871;0;51;69;86;75;80;82;87;86;179;70
872;0;48;67;85;73;78;81;86;84;179;68
873;0;0;55;73;52;48;43;45;44;178;43
874;0;0;54;72;50;46;41;43;42;178;42
875;0;0;55;73;52;48;43;45;44;178;43
876;0;0;54;72;50;46;41;43;42;178;42
877;0;48;68;85;74;79;82;87;86;179;70
878;0;42;67;85;73;78;81;85;84;179;68
879;0;48;68;85;74;79;82;87;86;179;70
880;0;42;67;85;73;78;81;85;84;179;68
881;0;0;23;69;43;41;37;40;39;178;14
882;0;0;16;66;41;39;35;38;37;178;11
883;0;0;23;69;43;41;37;40;39;178;14
884;0;0;16;66;41;39;35;38;37;178;11
885;0;0;59;77;68;73;78;83;81;179;63
886;0;0;58;74;67;72;76;81;80;179;61
887;0;0;59;77;68;73;78;83;81;179;63
888;0;0;58;74;67;72;76;81;80;179;61
889;0;0;13;65;41;40;36;39;38;179;11
890;0;0;10;65;40;38;34;38;36;179;10
891;0;0;13;65;41;40;36;39;38;179;11
892;0;0;10;65;40;38;34;38;36;179;10
893;0;0;58;74;67;72;77;82;81;179;62
894;0;0;57;74;66;71;76;81;79;179;60
895;0;0;58;74;67;72;77;82;81;179;62
896;0;0;57;74;66;71;76;81;79;179;60
897;0;0;44;70;45;42;38;41;40;178;21
898;0;0;43;70;43;41;36;39;38;178;17
899;0;0;44;70;45;42;38;41;40;178;21
900;0;0;43;70;43;41;36;39;38;178;17
901;0;0;61;78;69;74;78;83;81;178;63
902;0;0;60;77;68;72;76;81;80;178;62
903;0;0;61;78;69;74;78;83;81;178;63
904;0;0;60;77;68;72;76;81;80;178;62
905;0;0;44;70;46;43;39;41;40;178;23
906;0;0;43;70;44;41;37;39;38;178;20
907;0;0;44;70;46;43;39;41;40;178;23
908;0;0;43;70;44;41;37;39;38;178;20
909;0;0;62;79;69;74;78;83;82;178;64
910;0;0;61;78;68;73;76;81;80;178;63
911;0;0;62;79;69;74;78;83;82;178;64
912;0;0;61;78;68;73;76;81;80;178;63
913;0;0;48;71;47;43;39;42;41;178;24
914;0;0;44;70;45;42;37;40;39;178;22
915;0;0;48;71;47;43;39;42;41;178;24
916;0;0;44;70;45;42;37;40;39;178;22
917;0;0;62;79;69;74;78;83;82;178;64
918;0;0;61;78;68;73;77;81;80;178;63
919;0;0;62;79;69;74;78;83;82;178;64
920;0;0;61;78;68;73;77;81;80;178;63
921;0;0;49;71;47;44;39;42;41;178;25
922;0;0;45;70;45;42;38;40;39;178;23
923;0;0;49;71;47;44;39;42;41;178;25
924;0;0;45;70;45;42;38;40;39;178;23
925;0;0;62;79;69;75;78;83;82;178;64
926;0;0;61;78;68;73;77;82;80;178;63
927;0;0;62;79;69;75;78;83;82;178;64
928;0;0;61;78;68;73;77;82;80;178;63
929;0;0;49;71;47;44;39;42;41;178;24
930;0;0;45;70;45;42;38;40;39;178;23
931;0;0;49;71;47;44;39;42;41;178;24
932;0;0;45;70;45;42;38;40;39;178;23
933;0;0;62;79;69;75;79;83;82;179;64
934;0;0;61;77;68;73;77;82;81;179;63
935;0;0;62;79;69;75;79;83;82;179;64
936;0;0;61;77;68;73;77;82;81;179;63
937;0;0;48;71;47;44;39;42;41;178;24
938;0;0;45;70;45;42;38;40;39;178;22
939;0;0;48;71;47;44;39;42;41;178;24
940;0;0;45;70;45;42;38;40;39;178;22
941;0;0;62;79;69;75;79;83;82;179;64
942;0;0;61;78;68;73;77;82;81;179;63
943;0;0;62;79;69;75;79;83;82;179;64
944;0;0;61;78;68;73;77;82;81;179;63
945;0;0;46;70;46;43;39;42;41;178;23
946;0;0;44;70;44;42;37;40;39;178;20
947;0;0;46;70;46;43;39;42;41;178;23
948;0;0;44;70;44;42;37;40;39;178;20
949;0;0;62;78;69;74;78;83;82;179;64
950;0;0;61;77;68;73;77;82;81;179;63
951;0;0;62;78;69;74;78;83;82;179;64
952;0;0;61;77;68;73;77;82;81;179;63
953;0;0;44;70;45;43;39;41;40;178;21
954;0;0;38;69;43;41;37;40;39;178;16
955;0;0;44;70;45;43;39;41;40;178;21
956;0;0;38;69;43;41;37;40;39;178;16
957;0;0;61;78;69;74;78;83;82;179;63
958;0;0;60;77;68;73;77;82;80;179;63
959;0;0;61;78;69;74;78;83;82;179;63
960;0;0;60;77;68;73;77;82;80;179;63
961;0;0;33;70;44;42;38;41;40;178;18
962;0;0;26;69;42;40;36;39;38;178;14
963;0;0;33;70;44;42;38;41;40;178;18
964;0;0;26;69;42;40;36;39;38;178;14
965;0;0;60;77;68;74;78;83;82;179;63
966;0;0;59;77;67;72;76;81;80;179;62
967;0;0;60;77;68;74;78;83;82;179;63
968;0;0;59;77;67;72;76;81;80;179;62
969;0;0;42;67;42;40;36;39;38;178;24
970;0;0;42;65;41;38;34;37;35;178;23
971;0;0;42;67;42;40;36;39;38;178;24
972;0;0;42;65;41;38;34;37;35;178;23
973;0;12;59;74;67;72;75;80;79;179;62
974;0;11;58;74;66;70;74;79;77;179;60
975;0;12;59;74;67;72;75;80;79;179;62
976;0;11;58;74;66;70;74;79;77;179;60
977;0;0;41;65;41;39;34;38;37;179;23
978;0;0;38;65;40;37;33;35;34;179;22
979;0;0;41;65;41;39;34;38;37;179;23
980;0;0;38;65;40;37;33;35;34;179;22
981;0;11;58;73;66;71;75;80;78;179;60
982;0;8;57;73;65;70;73;78;77;179;59
983;0;11;58;73;66;71;75;80;78;179;60
984;0;8;57;73;65;70;73;78;77;179;59
985;0;0;45;70;45;41;37;40;38;178;30
986;0;0;44;69;43;40;35;38;36;178;27
987;0;0;45;70;45;41;37;40;38;178;30
988;0;0;44;69;43;40;35;38;36;178;27
989;0;16;61;77;68;72;76;81;79;178;63
990;0;14;60;76;67;71;74;79;77;178;61
991;0;16;61;77;68;72;76;81;79;178;63
992;0;14;60;76;67;71;74;79;77;178;61
993;0;0;47;70;45;42;37;40;39;178;31
994;0;0;44;69;43;40;35;38;37;178;29
995;0;0;47;70;45;42;37;40;39;178;31
996;0;0;44;69;43;40;35;38;37;178;29
997;0;18;62;77;68;73;76;81;79;178;63
998;0;15;60;77;67;71;74;79;78;178;62
999;0;18;62;77;68;73;76;81;79;178;63
1000;0;15;60;77;67;71;74;79;78;178;62
1001;0;0;48;70;46;42;38;40;39;178;31
1002;0;0;47;70;44;41;35;38;37;178;29
1003;0;0;48;70;46;42;38;40;39;178;31
1004;0;0;47;70;44;41;35;38;37;178;29
1005;0;21;62;77;69;73;76;81;79;178;63
1006;0;18;61;77;68;71;75;79;78;178;63
1007;0;21;62;77;69;73;76;81;79;178;63
1008;0;18;61;77;68;71;75;79;78;178;63
1009;0;0;49;70;46;43;38;40;39;178;33
1010;0;0;48;70;45;41;36;39;37;178;30
1011;0;0;49;70;46;43;38;40;39;178;33
1012;0;0;48;70;45;41;36;39;37;178;30
1013;0;21;62;77;69;73;76;81;80;178;63
1014;0;18;61;77;68;72;75;80;78;178;63
1015;0;21;62;77;69;73;76;81;80;178;63
1016;0;18;61;77;68;72;75;80;78;178;63
1017;0;0;49;70;46;43;38;40;39;178;33
1018;0;0;48;70;45;41;36;39;37;178;30
1019;0;0;49;70;46;43;38;40;39;178;33
1020;0;0;48;70;45;41;36;39;37;178;30
1021;0;21;62;77;69;73;76;81;80;178;63
1022;0;18;61;76;68;72;75;80;78;178;63
1023;0;21;62;77;69;73;76;81;80;178;63
1024;0;18;61;76;68;72;75;80;78;178;63
1025;0;0;49;70;46;43;38;41;39;178;32
1026;0;0;48;70;45;41;36;39;37;178;29
1027;0;0;49;70;46;43;38;41;39;178;32
1028;0;0;48;70;45;41;36;39;37;178;29
1029;0;21;62;77;69;73;76;81;80;179;63
1030;0;16;61;77;68;72;75;80;78;179;63
1031;0;21;62;77;69;73;76;81;80;179;63
1032;0;16;61;77;68;72;75;80;78;179;63
1033;0;0;48;70;46;42;38;40;39;178;31
1034;0;0;45;69;44;41;35;38;37;178;29
1035;0;0;48;70;46;42;38;40;39;178;31
1036;0;0;45;69;44;41;35;38;37;178;29
1037;0;18;62;77;68;73;76;81;80;179;63
1038;0;14;60;76;67;72;75;80;78;179;62
1039;0;18;62;77;68;73;76;81;80;179;63
1040;0;14;60;76;67;72;75;80;78;179;62
1041;0;0;45;69;45;42;37;40;39;178;30
1042;0;0;44;68;43;40;35;38;37;178;26
1043;0;0;45;69;45;42;37;40;39;178;30
1044;0;0;44;68;43;40;35;38;37;178;26
1045;0;14;61;77;68;73;76;81;80;179;63
1046;0;13;60;75;67;71;75;79;78;179;62
1047;0;14;61;77;68;73;76;81;80;179;63
1048;0;13;60;75;67;71;75;79;78;179;62
1049;0;0;43;69;43;41;36;39;38;178;27
1050;0;0;42;66;42;39;34;37;36;178;24
1051;0;0;43;69;43;41;36;39;38;178;27
1052;0;0;42;66;42;39;34;37;36;178;24
1053;0;13;60;76;68;72;76;81;79;179;62
1054;0;12;59;74;67;71;74;79;78;179;61
1055;0;13;60;76;68;72;76;81;79;179;62
1056;0;12;59;74;67;71;74;79;78;179;61
1057;0;0;0;0;0;0;0;0;0;179;0
1058;0;0;0;0;0;0;0;0;0;179;0
1059;0;0;0;0;0;0;0;0;0;179;0
1060;0;0;0;0;0;0;0;0;0;179;0
1061;0;0;0;17;0;32;70;81;80;179;0
1062;0;0;0;15;0;31;68;79;78;179;0
1063;0;0;0;17;0;32;70;81;80;179;0
1064;0;0;0;15;0;31;68;79;78;179;0
1065;0;0;0;0;0;0;0;0;0;179;0
1066;0;0;0;0;0;0;0;0;0;179;0
1067;0;0;0;0;0;0;0;0;0;179;0
1068;0;0;0;0;0;0;0;0;0;179;0
1069;0;0;0;13;0;30;69;80;80;179;0
1070;0;0;0;9;0;29;67;78;77;179;0
1071;0;0;0;13;0;30;69;80;80;179;0
1072;0;0;0;9;0;29;67;78;77;179;0
1073;0;0;0;0;0;0;0;0;0;178;0
1074;0;0;0;0;0;0;0;0;0;178;0
1075;0;0;0;0;0;0;0;0;0;178;0
1076;0;0;0;0;0;0;0;0;0;178;0
1077;0;0;0;25;0;37;71;80;80;179;0
1078;0;0;0;24;0;36;68;78;78;179;0
1079;0;0;0;25;0;37;71;80;80;179;0
1080;0;0;0;24;0;36;68;78;78;179;0
1081;0;0;0;0;0;0;0;0;0;178;0
1082;0;0;0;0;0;0;0;0;0;178;0
1083;0;0;0;0;0;0;0;0;0;178;0
1084;0;0;0;0;0;0;0;0;0;178;0
1085;0;0;0;26;0;42;71;81;80;179;0
1086;0;0;0;25;0;37;69;79;78;179;0
1087;0;0;0;26;0;42;71;81;80;179;0
1088;0;0;0;25;0;37;69;79;78;179;0
1089;0;0;0;0;0;0;0;0;0;178;0
1090;0;0;0;0;0;0;0;0;0;178;0
1091;0;0;0;0;0;0;0;0;0;178;0
1092;0;0;0;0;0;0;0;0;0;178;0
1093;0;0;0;28;0;42;71;81;80;179;0
1094;0;0;0;26;0;42;69;79;78;179;0
1095;0;0;0;28;0;42;71;81;80;179;0
1096;0;0;0;26;0;42;69;79;78;179;0
1097;0;0;0;0;0;0;0;0;0;178;0
1098;0;0;0;0;0;0;0;0;0;178;0
1099;0;0;0;0;0;0;0;0;0;178;0
1100;0;0;0;0;0;0;0;0;0;178;0
1101;0;0;0;30;0;43;72;81;81;179;0
1102;0;0;0;27;0;42;69;79;79;179;0
1103;0;0;0;30;0;43;72;81;81;179;0
1104;0;0;0;27;0;42;69;79;79;179;0
1105;0;0;0;0;0;0;0;0;0;178;0
1106;0;0;0;0;0;0;0;0;0;178;0
1107;0;0;0;0;0;0;0;0;0;178;0
1108;0;0;0;0;0;0;0;0;0;178;0
1109;0;0;0;29;0;43;72;82;81;179;0
1110;0;0;0;27;0;42;70;79;79;179;0
1111;0;0;0;29;0;43;72;82;81;179;0
1112;0;0;0;27;0;42;70;79;79;179;0
1113;0;0;0;0;0;0;0;0;0;179;0
1114;0;0;0;0;0;0;0;0;0;179;0
1115;0;0;0;0;0;0;0;0;0;179;0
1116;0;0;0;0;0;0;0;0;0;179;0
1117;0;0;0;28;0;43;72;82;81;179;0
1118;0;0;0;26;0;42;70;80;79;179;0
1119;0;0;0;28;0;43;72;82;81;179;0
1120;0;0;0;26;0;42;70;80;79;179;0
1121;0;0;0;0;0;0;0;0;0;179;0
1122;0;0;0;0;0;0;0;0;0;179;0
1123;0;0;0;0;0;0;0;0;0;179;0
1124;0;0;0;0;0;0;0;0;0;179;0
1125;0;0;0;25;0;42;72;82;81;179;0
1126;0;0;0;24;0;42;70;79;79;179;0
1127;0;0;0;25;0;42;72;82;81;179;0
1128;0;0;0;24;0;42;70;79;79;179;0
1129;0;0;0;0;0;0;0;0;0;179;0
1130;0;0;0;0;0;0;0;0;0;179;0
1131;0;0;0;0;0;0;0;0;0;179;0
1132;0;0;0;0;0;0;0;0;0;179;0
1133;0;0;0;20;0;38;72;81;81;179;0
1134;0;0;0;18;0;37;69;79;79;179;0
1135;0;0;0;20;0;38;72;81;81;179;0
1136;0;0;0;18;0;37;69;79;79;179;0
1137;0;0;0;0;0;0;0;0;0;179;0
1138;0;0;0;0;0;0;0;0;0;179;0
1139;0;0;0;0;0;0;0;0;0;179;0
1140;0;0;0;0;0;0;0;0;0;179;0
1141;0;0;0;18;0;35;71;81;81;179;0
1142;0;0;0;18;0;34;69;79;78;179;0
1143;0;0;0;18;0;35;71;81;81;179;0
1144;0;0;0;18;0;34;69;79;78;179;0
1145;0;0;0;0;0;0;0;0;0;179;0
1146;0;0;0;0;0;0;0;0;0;179;0
1147;0;0;0;0;0;0;0;0;0;179;0
1148;0;0;0;0;0;0;0;0;0;179;0
1149;0;0;0;0;0;2;58;65;65;180;0
1150;0;0;0;0;0;0;58;64;63;180;0
1151;0;0;0;0;0;2;58;65;65;180;0
1152;0;0;0;0;0;0;58;64;63;180;0
1153;0;0;0;0;0;0;0;0;0;179;0
1154;0;0;0;0;0;0;0;0;0;179;0
1155;0;0;0;0;0;0;0;0;0;179;0
1156;0;0;0;0;0;0;0;0;0;179;0
1157;0;0;0;0;0;0;57;64;64;180;0
1158;0;0;0;0;0;0;57;63;62;180;0
1159;0;0;0;0;0;0;57;64;64;180;0
1160;0;0;0;0;0;0;57;63;62;180;0
1161;0;0;0;0;0;0;0;0;0;178;0
1162;0;0;0;0;0;0;0;0;0;178;0
1163;0;0;0;0;0;0;0;0;0;178;0
1164;0;0;0;0;0;0;0;0;0;178;0
1165;0;0;0;4;0;10;59;66;65;179;0
1166;0;0;0;3;0;9;58;64;64;179;0
1167;0;0;0;4;0;10;59;66;65;179;0
1168;0;0;0;3;0;9;58;64;64;179;0
1169;0;0;0;0;0;0;0;0;0;178;0
1170;0;0;0;0;0;0;0;0;0;178;0
1171;0;0;0;0;0;0;0;0;0;178;0
1172;0;0;0;0;0;0;0;0;0;178;0
1173;0;0;0;10;0;13;59;66;65;179;0
1174;0;0;0;4;0;10;59;64;64;179;0
1175;0;0;0;10;0;13;59;66;65;179;0
1176;0;0;0;4;0;10;59;64;64;179;0
1177;0;0;0;0;0;0;0;0;0;178;0
1178;0;0;0;0;0;0;0;0;0;178;0
1179;0;0;0;0;0;0;0;0;0;178;0
1180;0;0;0;0;0;0;0;0;0;178;0
1181;0;0;0;15;0;17;60;66;66;179;0
1182;0;0;0;8;0;13;59;65;64;179;0
1183;0;0;0;15;0;17;60;66;66;179;0
1184;0;0;0;8;0;13;59;65;64;179;0
1185;0;0;0;0;0;0;0;0;0;179;0
1186;0;0;0;0;0;0;0;0;0;179;0
1187;0;0;0;0;0;0;0;0;0;179;0
1188;0;0;0;0;0;0;0;0;0;179;0
1189;0;0;0;16;0;20;60;66;66;179;0
1190;0;0;0;13;0;15;59;65;64;179;0
1191;0;0;0;16;0;20;60;66;66;179;0
1192;0;0;0;13;0;15;59;65;64;179;0
1193;0;0;0;0;0;0;0;0;0;179;0
1194;0;0;0;0;0;0;0;0;0;179;0
1195;0;0;0;0;0;0;0;0;0;179;0
1196;0;0;0;0;0;0;0;0;0;179;0
1197;0;0;0;15;0;18;60;66;66;179;0
1198;0;0;0;13;0;14;59;65;64;179;0
1199;0;0;0;15;0;18;60;66;66;179;0
1200;0;0;0;13;0;14;59;65;64;179;0
1201;0;0;0;0;0;0;0;0;0;179;0
1202;0;0;0;0;0;0;0;0;0;179;0
1203;0;0;0;0;0;0;0;0;0;179;0
1204;0;0;0;0;0;0;0;0;0;179;0
1205;0;0;0;14;0;15;60;67;66;179;0
1206;0;0;0;8;0;13;59;65;65;179;0
1207;0;0;0;14;0;15;60;67;66;179;0
1208;0;0;0;8;0;13;59;65;65;179;0
1209;0;0;0;0;0;0;0;0;0;179;0
1210;0;0;0;0;0;0;0;0;0;179;0
1211;0;0;0;0;0;0;0;0;0;179;0
1212;0;0;0;0;0;0;0;0;0;179;0
1213;0;0;0;7;0;13;60;66;66;180;0
1214;0;0;0;4;0;10;59;65;64;180;0
1215;0;0;0;7;0;13;60;66;66;180;0
1216;0;0;0;4;0;10;59;65;64;180;0
1217;0;0;0;0;0;0;0;0;0;179;0
1218;0;0;0;0;0;0;0;0;0;179;0
1219;0;0;0;0;0;0;0;0;0;179;0
1220;0;0;0;0;0;0;0;0;0;179;0
1221;0;0;0;4;0;10;59;66;66;179;0
1222;0;0;0;3;0;8;59;65;64;179;0
1223;0;0;0;4;0;10;59;66;66;179;0
1224;0;0;0;3;0;8;59;65;64;179;0
1225;0;0;0;0;0;0;0;0;0;179;0
1226;0;0;0;0;0;0;0;0;0;179;0
1227;0;0;0;0;0;0;0;0;0;179;0
1228;0;0;0;0;0;0;0;0;0;179;0
1229;0;0;0;2;0;5;59;65;65;180;0
1230;0;0;0;1;0;3;58;64;64;180;0
1231;0;0;0;2;0;5;59;65;65;180;0
1232;0;0;0;1;0;3;58;64;64;180;0
1233;0;0;0;0;0;0;0;0;0;179;0
1234;0;0;0;0;0;0;0;0;0;179;0
1235;0;0;0;0;0;0;0;0;0;179;0
1236;0;0;0;0;0;0;0;0;0;179;0
1237;0;0;0;0;0;0;51;58;58;180;0
1238;0;0;0;0;0;0;51;59;57;179;0
1239;0;0;0;0;0;0;51;58;58;180;0
1240;0;0;0;0;0;0;51;59;57;179;0
1241;0;0;0;0;0;0;0;0;0;179;0
1242;0;0;0;0;0;0;0;0;0;179;0
1243;0;0;0;0;0;0;0;0;0;179;0
1244;0;0;0;0;0;0;0;0;0;179;0
1245;0;0;0;0;0;0;50;57;57;180;0
1246;0;0;0;0;0;0;50;57;56;180;0
1247;0;0;0;0;0;0;50;57;57;180;0
1248;0;0;0;0;0;0;50;57;56;180;0
1249;0;0;0;0;0;0;0;0;0;178;0
1250;0;0;0;0;0;0;0;0;0;178;0
1251;0;0;0;0;0;0;0;0;0;178;0
1252;0;0;0;0;0;0;0;0;0;178;0
1253;0;0;0;0;0;0;52;59;59;179;0
1254;0;0;0;0;0;0;52;59;58;179;0
1255;0;0;0;0;0;0;52;59;59;179;0
1256;0;0;0;0;0;0;52;59;58;179;0
1257;0;0;0;0;0;0;0;0;0;178;0
1258;0;0;0;0;0;0;0;0;0;178;0
1259;0;0;0;0;0;0;0;0;0;178;0
1260;0;0;0;0;0;0;0;0;0;178;0
1261;0;0;0;0;0;0;53;59;59;179;0
1262;0;0;0;0;0;0;52;59;58;179;0
1263;0;0;0;0;0;0;53;59;59;179;0
1264;0;0;0;0;0;0;52;59;58;179;0
1265;0;0;0;0;0;0;0;0;0;178;0
1266;0;0;0;0;0;0;0;0;0;178;0
1267;0;0;0;0;0;0;0;0;0;178;0
1268;0;0;0;0;0;0;0;0;0;178;0
1269;0;0;0;0;0;0;53;60;59;179;0
1270;0;0;0;0;0;0;53;60;58;179;0
1271;0;0;0;0;0;0;53;60;59;179;0
1272;0;0;0;0;0;0;53;60;58;179;0
1273;0;0;0;0;0;0;0;0;0;178;0
1274;0;0;0;0;0;0;0;0;0;179;0
1275;0;0;0;0;0;0;0;0;0;178;0
1276;0;0;0;0;0;0;0;0;0;179;0
1277;0;0;0;0;0;0;53;60;59;179;0
1278;0;0;0;0;0;0;53;60;58;179;0
1279;0;0;0;0;0;0;53;60;59;179;0
1280;0;0;0;0;0;0;53;60;58;179;0
1281;0;0;0;0;0;0;0;0;0;179;0
1282;0;0;0;0;0;0;0;0;0;179;0
1283;0;0;0;0;0;0;0;0;0;179;0
1284;0;0;0;0;0;0;0;0;0;179;0
1285;0;0;0;0;0;0;53;60;59;179;0
1286;0;0;0;0;0;0;53;60;58;179;0
1287;0;0;0;0;0;0;53;60;59;179;0
1288;0;0;0;0;0;0;53;60;58;179;0
1289;0;0;0;0;0;0;0;0;0;179;0
1290;0;0;0;0;0;0;0;0;0;179;0
1291;0;0;0;0;0;0;0;0;0;179;0
1292;0;0;0;0;0;0;0;0;0;179;0
1293;0;0;0;0;0;0;53;60;59;179;0
1294;0;0;0;0;0;0;53;60;58;179;0
1295;0;0;0;0;0;0;53;60;59;179;0
1296;0;0;0;0;0;0;53;60;58;179;0
1297;0;0;0;0;0;0;0;0;0;179;0
1298;0;0;0;0;0;0;0;0;0;179;0
1299;0;0;0;0;0;0;0;0;0;179;0
1300;0;0;0;0;0;0;0;0;0;179;0
1301;0;0;0;0;0;0;53;60;59;180;0
1302;0;0;0;0;0;0;53;60;58;180;0
1303;0;0;0;0;0;0;53;60;59;180;0
1304;0;0;0;0;0;0;53;60;58;180;0
1305;0;0;0;0;0;0;0;0;0;179;0
1306;0;0;0;0;0;0;0;0;0;179;0
1307;0;0;0;0;0;0;0;0;0;179;0
1308;0;0;0;0;0;0;0;0;0;179;0
1309;0;0;0;0;0;0;52;59;59;179;0
1310;0;0;0;0;0;0;52;59;58;179;0
1311;0;0;0;0;0;0;52;59;59;179;0
1312;0;0;0;0;0;0;52;59;58;179;0
1313;0;0;0;0;0;0;0;0;0;179;0
1314;0;0;0;0;0;0;0;0;0;179;0
1315;0;0;0;0;0;0;0;0;0;179;0
1316;0;0;0;0;0;0;0;0;0;179;0
1317;0;0;0;0;0;0;52;59;58;180;0
1318;0;0;0;0;0;0;52;59;57;180;0
1319;0;0;0;0;0;0;52;59;58;180;0
1320;0;0;0;0;0;0;52;59;57;180;0
1321;0;0;0;0;0;0;0;0;0;179;0
1322;0;0;0;0;0;0;0;0;0;179;0
1323;0;0;0;0;0;0;0;0;0;179;0
1324;0;0;0;0;0;0;0;0;0;179;0
1325;0;0;0;0;0;0;50;57;56;179;0
1326;0;0;0;0;0;0;50;57;56;179;0
1327;0;0;0;0;0;0;50;57;56;179;0
1328;0;0;0;0;0;0;50;57;56;179;0
1329;0;0;0;0;0;0;0;0;0;179;0
1330;0;0;0;0;0;0;0;0;0;179;0
1331;0;0;0;0;0;0;0;0;0;179;0
1332;0;0;0;0;0;0;0;0;0;179;0
1333;0;0;0;0;0;0;49;56;55;179;0
1334;0;0;0;0;0;0;49;56;55;179;0
1335;0;0;0;0;0;0;49;56;55;179;0
1336;0;0;0;0;0;0;49;56;55;179;0
1337;0;0;0;0;0;0;0;0;0;178;0
1338;0;0;0;0;0;0;0;0;0;178;0
1339;0;0;0;0;0;0;0;0;0;178;0
1340;0;0;0;0;0;0;0;0;0;178;0
1341;0;0;0;0;0;3;51;58;57;179;0
1342;0;0;0;0;0;3;51;58;56;179;0
1343;0;0;0;0;0;3;51;58;57;179;0
1344;0;0;0;0;0;3;51;58;56;179;0
1345;0;0;0;0;0;0;0;0;0;178;0
1346;0;0;0;0;0;0;0;0;0;178;0
1347;0;0;0;0;0;0;0;0;0;178;0
1348;0;0;0;0;0;0;0;0;0;178;0
1349;0;0;0;0;0;4;52;58;57;179;0
1350;0;0;0;0;0;4;51;58;56;179;0
1351;0;0;0;0;0;4;52;58;57;179;0
1352;0;0;0;0;0;4;51;58;56;179;0
1353;0;0;0;0;0;0;0;0;0;178;0
1354;0;0;0;0;0;0;0;0;0;178;0
1355;0;0;0;0;0;0;0;0;0;178;0
1356;0;0;0;0;0;0;0;0;0;178;0
1357;0;0;0;0;0;5;52;58;58;179;0
1358;0;0;0;0;0;4;52;58;57;179;0
1359;0;0;0;0;0;5;52;58;58;179;0
1360;0;0;0;0;0;4;52;58;57;179;0
1361;0;0;0;0;0;0;0;0;0;178;0
1362;0;0;0;0;0;0;0;0;0;178;0
1363;0;0;0;0;0;0;0;0;0;178;0
1364;0;0;0;0;0;0;0;0;0;178;0
1365;0;0;0;0;0;5;52;58;58;179;0
1366;0;0;0;0;0;4;52;59;57;179;0
1367;0;0;0;0;0;5;52;58;58;179;0
1368;0;0;0;0;0;4;52;59;57;179;0
1369;0;0;0;0;0;0;0;0;0;178;0
1370;0;0;0;0;0;0;0;0;0;178;0
1371;0;0;0;0;0;0;0;0;0;178;0
1372;0;0;0;0;0;0;0;0;0;178;0
1373;0;0;0;0;0;5;52;58;58;179;0
1374;0;0;0;0;0;4;52;59;57;179;0
1375;0;0;0;0;0;5;52;58;58;179;0
1376;0;0;0;0;0;4;52;59;57;179;0
1377;0;0;0;0;0;0;0;0;0;179;0
1378;0;0;0;0;0;0;0;0;0;179;0
1379;0;0;0;0;0;0;0;0;0;179;0
1380;0;0;0;0;0;0;0;0;0;179;0
1381;0;0;0;0;0;4;52;58;58;179;0
1382;0;0;0;0;0;4;52;59;57;179;0
1383;0;0;0;0;0;4;52;58;58;179;0
1384;0;0;0;0;0;4;52;59;57;179;0
1385;0;0;0;0;0;0;0;0;0;179;0
1386;0;0;0;0;0;0;0;0;0;179;0
1387;0;0;0;0;0;0;0;0;0;179;0
1388;0;0;0;0;0;0;0;0;0;179;0
1389;0;0;0;0;0;4;52;58;57;179;0
1390;0;0;0;0;0;3;51;58;57;179;0
1391;0;0;0;0;0;4;52;58;57;179;0
1392;0;0;0;0;0;3;51;58;57;179;0
1393;0;0;0;0;0;0;0;0;0;179;0
1394;0;0;0;0;0;0;0;0;0;179;0
1395;0;0;0;0;0;0;0;0;0;179;0
1396;0;0;0;0;0;0;0;0;0;179;0
1397;0;0;0;0;0;0;51;58;57;179;0
1398;0;0;0;0;0;0;51;58;56;179;0
1399;0;0;0;0;0;0;51;58;57;179;0
1400;0;0;0;0;0;0;51;58;56;179;0
1401;0;0;0;0;0;0;0;0;0;179;0
1402;0;0;0;0;0;0;0;0;0;179;0
1403;0;0;0;0;0;0;0;0;0;179;0
1404;0;0;0;0;0;0;0;0;0;179;0
1405;0;0;0;0;0;0;51;57;57;179;0
1406;0;0;0;0;0;0;50;57;56;179;0
1407;0;0;0;0;0;0;51;57;57;179;0
1408;0;0;0;0;0;0;50;57;56;179;0
